user_id,source
6450655ae8,other
b4ea53e670,other
0e37347152,other
96064ae9e0,other
e1bd168161,context
71bcf169b4,other
e0aee73c5d,other
1f8845e157,context
78d22c5c78,other
dd85040770,other
2301051b25,other
86835b81ac,context
90d9a575a2,other
1b75c4f23f,other
d94b908660,None
f697206af5,other
8a9a2de36e,other
dd3d43c266,context
f6401d302f,context
b18d58560b,email
ed79586589,other
1840e0b9d4,other
b4afdc5ccc,other
470248aabf,other
948d9be43c,other
03592d16ac,other
8554e1a9f9,context
ceda3a4603,other
282d7418ae,context
6074c89112,context
60d796c3bd,other
cb9dd569e7,context
cc113dcb65,other
c0075c117c,other
8e3cd5cdcb,other
cddb2fc63e,other
73ce7c32ef,other
f1708b0dba,other
2ca3ddb1f8,other
3b8889be65,other
4d9e8e4506,other
9e7e01d962,email
da9fe887e0,other
892de9fb9c,context
37fe632faf,other
36e5386eab,other
86a94effc6,other
bf9d1ad797,other
c7d2c1423b,other
423bb91bd9,context
9d653ee784,context
e977795a7e,other
401a3ab75f,other
4111731cef,context
19019ca1fa,other
983bd13cab,other
fe653373f2,other
2abbac2d31,other
73e7ef925b,other
d09edf5601,context
a913944688,other
23ebe451aa,context
55a843d5ec,other
4ef5b2f5df,other
1ba32f4175,context
14c73d53c1,context
04d2e574e5,other
563649baca,context
8425f97879,other
ae35a7ee31,other
46ba5c1ed2,other
2db22b2d26,other
afe4346288,other
fe9328f2cc,other
c17571ba85,other
e3505d2025,context
7a84ac6499,context
be72c452ac,context
4e4f90fcfb,context
66078e430a,other
4f352f9eed,other
a38a235471,other
5087ae3e47,context
188b23409c,other
c1a03154ba,other
3bbd519097,context
a9e40d48d8,email
562c05721b,other
f625b6856e,email
282c4ff5ac,context
52f1cd497a,other
554e8d80a0,other
cf16107d36,context
62afb48d01,other
afea8d72fc,other
7971d6e2ff,other
13a54fb297,other
93cc83514a,other
5c1c7468f6,other
a558add052,context
66fd6fcb97,other
06bf009206,email
8208b48583,other
9c7dfe8360,context
68f2e3ab8b,other
ceebff6dde,other
6d3eb564c5,other
c7c3d9bfb5,context
3e8992cfac,other
272df43ad8,email
74cda77f4a,context
3bed094f3b,other
0dfa3f403c,other
b1d32a1d09,other
009704a1c4,context
88339e4886,context
74837bb185,other
3b06673ee2,other
97a79a6991,other
8829ab1cf2,other
aa80e492fa,other
ebbae94f32,other
64705cce3f,other
2824221f38,email
0b60f4c26d,other
9b7476b271,other
fe9bab0fa3,other
373a6055fe,other
9b2ab046f3,other
39db0fecc6,other
9f39d307c3,context
afe3eaf7af,other
44edeffc91,context
e0265e3b36,other
150aadab8f,other
2517844793,other
98ad0ba65d,other
b995e27824,other
a5a57eca83,context
7eb1d753f4,other
9365175a20,other
bb6572f338,other
b785a4f5ec,context
d8474831d4,other
175c93f264,context
ce8edd5e66,email
fb525c6833,email
5ad23f171e,context
625813e1b9,other
040ee046d5,other
71183ef4f8,other
b37b3b2791,other
4017d4c1e5,context
20ce605377,other
8282f73296,None
ef8297298f,context
5bab14c3fe,other
cd97da730e,other
b4e0c1c3e9,other
94a66871d0,other
651b07117c,other
66a425f7db,context
4cda96f9af,context
704474fa2d,other
1a98e503e5,other
016e65965a,other
4e08b5971f,context
0a7a7849b5,other
ce2894d1d1,other
bf8c5dbc3c,other
4f89517c22,email
9eb92473c6,other
00c2504fd7,context
b72fb24c70,other
afc4ce7ead,other
cb16c8ac6a,other
1de31be403,other
3c75bc88be,context
a2d9d54c16,other
b93b581f5c,context
0939107448,context
aa8805108c,other
bd8c552a4c,other
c75890c1f3,other
4670d1411b,context
5da0dedf13,context
6132d80a6f,other
8be5a8361b,context
b71f36a5e4,other
c638a19ac7,other
ade008549c,email
547a6e8870,context
890ce28370,other
b4219dd508,context
4ef5e62ba3,other
d4642e9456,other
cc1708da4a,other
8feb608600,other
cc797fcafb,other
e71d4eb238,other
c109df543c,other
d6c2c2d1cb,other
8c44d24f7f,other
7c30e3d5bb,other
882218937a,other
79843a685a,context
f2ca7d2bc2,other
9603ad0598,context
4e08cea079,context
2b4150a87f,context
f55deb12ed,other
b9bd777feb,other
ff007eabb0,other
fa317d2c5e,context
7bd3c97752,other
d086387e82,other
f55347dd95,other
a1aad51448,other
b536f2b021,context
90828909b6,email
d328b1d60a,other
d9df13d289,context
42a9cee9b2,other
9ce21f2533,email
6981078020,other
27f523ff65,other
4269e1e660,other
47b8ef096c,context
ff68cee0d6,context
d4161f74cc,other
345dd49356,other
e8447c40e2,email
24c2fb2891,other
5187ed8542,context
11390d3f95,other
7015a94ca1,other
52c693e8cd,context
8f5b55322e,other
b9ef8fdf47,other
95880d359e,other
4a171fd896,other
98d290be27,other
9536763d70,other
cd97a5ea3d,context
5eda8e0833,other
cfa1477077,other
f72a54a519,other
b187b4b1bb,other
05b0f5cfa3,other
b5518213e5,other
22c58fe3f1,other
3fff459bda,other
cc2aeb7404,other
56cd8373cc,other
bd6570d218,other
73b091561a,other
8ebe2a5a36,context
6fd68c8450,context
d79e2450d9,email
2355f1e8ef,other
3e1e8392c3,other
fa0079a5a8,other
61b97b5523,context
998739330d,context
b4213a9968,other
eb30cb5f5b,other
b7ec09af2b,other
6da836fb0f,other
6e9737a948,other
bd6e6b6267,other
b750093f25,other
4f050a7611,other
bc76877c6e,other
fdd6b2fc76,context
7426a28cd1,other
1a5197c73b,other
39dcef20db,other
76caf95ce2,other
48bd51fb14,other
a02d097915,other
4f81f75509,other
989115128b,other
54ecd881a2,other
eca757dd57,other
e4b7e410ef,other
940990e7f2,context
520c78ab21,email
fba7e023f8,other
2e03696cf1,context
4194e38197,email
7dbdec0047,other
255d749be2,other
b2d252793f,context
b24177f4a5,other
361cbd2680,other
22d2f03a17,context
d4eba50b93,other
c9fa1b54d5,other
ff9e45e152,other
0c9a76b7d0,other
b0766d47e7,other
9e12721898,other
353e3b6662,other
a1816e38b3,other
549d696d4b,other
1048c2f303,other
7d3e1a90f1,other
5dae428917,other
0a1a0db757,other
d843aa8650,email
2bd340d08b,other
ccede05e97,other
f35f03751a,other
c1b5fd0451,context
ea70487118,other
7b07aeee6e,context
065d780843,context
069460c1c7,context
bc5466ac11,email
3f8e1ccd3f,other
6951075e32,other
2de1160477,other
caae7da0b3,other
66c9386fac,other
eec87f0e55,context
a1de931969,context
30b8969520,other
1a843027c5,context
81a9988b83,context
b95743daea,other
3bc7db664e,other
47a0b3f938,other
f065a4cb9f,other
c970821aa7,other
56a09e6d35,email
b5129c7667,other
69e983948a,other
4c5495968a,other
af6a72dd8b,context
888b85e765,other
047a99bfeb,other
aab99fd7af,context
23b27aaf7b,other
08ef6bda56,other
67f7161322,other
3674a11055,other
fb22b13383,other
fefb4509d4,other
d5898e8ffe,context
83c24ee5d3,other
b6c140296f,other
9af7929224,other
e056d9dfec,other
63dab1e216,email
0051e03862,other
e5bbb9f1e4,other
3c31cda043,other
717206dcbf,other
9c74c49dd7,context
65f44a2eb7,context
c110bbd01f,context
e68f402086,context
b18b4179c7,other
d93d7d1ad6,other
94e4290bd3,email
939f0dfd03,other
2a1e091c9a,other
f601801da0,other
9154dcb56a,other
6df948569b,other
c437c43185,email
5f8fbb0149,other
49c42f8830,other
2bd67d28c0,context
3ecff691fd,context
333a6d9569,other
46775f1a65,other
68283709d2,other
f3cb3f7e53,other
dd0e912251,other
9250593d55,other
c4d866571a,context
6c4ee20141,other
37c4e090e4,other
d1299dcff1,other
91e32b1bc5,other
0a379cc2cc,email
ee028087e7,other
7d5c0d9156,other
3ef7b3f2c0,context
3680371b11,other
aac5236809,other
b056d5b7ea,context
62516aa8a1,other
8a53f0c239,other
e14c32948e,other
38d6acbffe,context
70b370e9bf,context
f04b9caba5,other
16aa0eb35a,other
bd00b49566,context
97b1e9da49,context
498e5bdf41,context
c6364e222b,other
ceee5d4336,other
b82128a6d5,other
515e01d9c4,other
7829d468e4,other
b8578b8eec,other
f9a8c3f233,other
569b2f068c,other
bc55e19cb9,other
68a81828ed,other
7a559225a0,other
51534af882,other
2bb3111b89,other
c1fbeedd1a,other
9bcd7c1368,context
3fd68d9d80,other
315d771f7d,email
22fa3ea76f,other
ab2f6bbf65,other
b31f1969ab,context
733ca545e8,other
7f20fc7986,other
f46413dec7,other
3af83148d8,context
5670d6edb1,other
b0bb0b38cf,context
140a72bcfc,context
75e1f1cd14,other
ed7f891dac,context
69601daca2,other
e177a8effa,other
ecfde314a5,other
14e2d1809e,other
61a8d5a6c5,other
fca0f5999d,email
f686983e7b,other
7a7e03c406,other
0c9416853c,other
12a7ed4deb,context
94825cbe83,other
b797049026,other
95b7473b57,other
c7742c6d2e,other
09e3e79a1b,other
d55e99438a,other
7c2fdade45,other
8a3588e1c6,other
836a88382f,other
e7ad3c5d06,other
96f23c72e1,context
4a8f641a1d,None
97c2baaa6c,other
d1d9469260,other
e00e6c437c,other
04100f8699,other
91968e679c,other
c9b5c973af,other
dfb7d02adf,context
154bb0da9f,other
73b876b237,context
d7708f6ec3,context
1dd56e035b,other
703331b3ff,email
9dc1d9ba3c,other
02745870cc,other
ed6b87f95d,context
d7a11a0a89,other
b04944a2bb,other
adc5ec7ccc,other
705a53fd0e,other
5a22d0184c,other
484d9d415d,email
65f268e79d,context
33cd72d1fb,other
f983a69d67,other
e6654440fd,context
4ea17212f8,other
860e056808,other
cb53b55356,other
f1598ad397,other
1cf449593c,other
43c2e52247,email
c6de96a5e2,other
8080ed7d1f,other
495c76f261,other
aff109d4c6,context
7a6bff0288,other
303e2dde28,None
1b3ebda4b3,other
9dc0d67e07,other
910738a597,other
e0e4205d95,other
5a952ce911,other
95c625ca6c,other
fcaf917617,other
b7b6fb781d,other
6863d68334,other
b7c74551ce,other
65213fb21e,other
8c021df75d,other
8041c98f89,context
88b3988014,other
3b069c44a3,other
4175fd2e58,other
ea385ef204,context
8f3f71bd9e,other
953bf62830,context
e56ab33c23,other
d8e3bcee53,context
4da55fafdf,other
446b558340,other
d6ab426b58,other
680aa815f9,other
ff5a1945c9,context
f80ccfc98d,other
d547f8ca95,context
a19122299b,context
80890f4f06,other
5b9d55e1a3,other
eb484624aa,other
06808b7214,other
21f5283c74,other
55a46f8550,other
27ab4eb868,other
12cbe50064,context
d8d186abbc,other
af71061f85,context
940d06aa64,other
88c79ac403,other
a56479bc42,email
092791f2fc,other
99825a5da1,other
22a3e253d1,other
fa5716f17b,context
0e8463967e,context
4a92a68cf9,other
d11e284880,other
0cd390158a,other
354af2687b,other
6e7b2e56a3,context
d73a5a0351,other
78edb0b16b,other
0b8cdff7d7,email
1d45fc5304,context
f998c59533,other
38b841b71a,other
ee7f979ca5,other
8f879d1716,other
2da992c2b6,other
45e5199572,other
f3f9b2e097,other
905e60cb52,other
f2b82d1177,context
beb2d99ffc,other
d47d1244db,other
a5231e3679,context
aeecf497bd,other
095a39e20f,other
7c76705caa,other
3177972655,context
d2974c7752,other
f6c65ff4ce,other
5c855e4d01,email
393bcfb298,other
d0a9ca661c,other
3015299623,other
06d450cc57,context
b60ce22f17,other
c22ed06af5,context
2635dd0237,other
508442fc52,other
9a3a1dde2a,other
f6548776f1,other
5fbc39e281,other
9ee31e4a3f,context
9c3d3f6d29,context
cf84f94b15,context
5d15a1162b,context
2530e0a720,email
6f159c4c2e,other
89ec06e39c,context
008bdd2712,context
ec98a24652,context
2867ef273e,other
a2e21009ad,context
c3c90ce903,context
5e75269a05,context
00a03b5402,other
b99c78d057,context
807622a38c,context
adad01dcec,context
e9c218dda3,context
9427847b21,other
564202f6bd,context
6a1d73ae0d,email
9b18ea3f7f,other
ee3b054520,other
1b63228103,other
abbc8fca9d,other
e9edd57fff,other
5b370a0445,other
e03cde3d8d,other
97ed129488,context
f9f512dd2c,context
c47bcf577a,other
2e412ad090,other
ed59f60ae5,other
c9ab544ac7,context
d3801661bb,other
932a4a01b5,other
148c576e27,other
c6e4e4c023,email
1908683775,other
9ae9bdc000,other
8d1738e610,other
f04c1dd2a5,context
80582cf1be,other
bb6a4db2ca,context
9ff75f84cf,context
8fd957a463,other
5eeb9a6896,other
451b033861,other
3f0ed99083,other
889aec93f9,context
d0927f8bde,other
f9544da511,email
43567a97ed,other
ef56eff4cf,context
50f764d916,other
26b2dc244d,email
0462abde16,other
d977d4b7fe,other
74d0b6c59c,other
a7cd782393,other
72e0a3f1d0,other
3846dc43e8,other
abecfc1137,context
120353766a,other
95f14ccce5,context
68cb4790ec,other
86ca769f34,context
f933cd3832,other
0d02f93815,other
7c8a0be92a,context
f26afbfb59,other
603d21ec0a,other
7f5f56e517,other
5de7661afb,other
996b7723a0,context
bc1a0a7e26,other
bbe137b6fd,other
bc7c088eb0,other
fcde968ee5,other
e5e422eb81,other
024ecb900d,other
f66542a8fc,context
182b7a7892,other
0b0d7826e4,other
fb84334aa5,other
3008b471ea,context
c98f543ad0,other
3751b78a5d,other
f95d93e00f,context
8b1c3bd33a,other
c3dbceab01,other
1d9dbc460e,other
17639fe89d,other
63bfa17383,other
3117a416c0,other
cf17432b98,other
0670bcfa71,other
341ed4ec7e,other
8067e2a357,other
ab957d2666,context
d7e5a268f4,other
479bf662fa,other
74c9201f84,context
c3ef624f57,other
6f6b3c85f3,context
bc4ebda0df,other
466785c967,other
de4515f19e,other
bb059e78bb,context
b074ba25ab,other
bad8711ab1,other
728329170c,other
0db484f7ec,context
62bc2917d3,other
f4a46f0de5,other
53637cad33,context
e57f8951f5,other
ee6d584eb2,other
24a74bf7ba,other
276a7877d5,other
278aed931b,context
8f18e6b970,other
5b3839ddd3,context
9a7ee25b7c,other
a144c7555d,other
aa84eaab08,other
fe4615dd15,other
696aa72183,email
73a0b6260f,other
eb1a094c7a,email
bfbe2845a2,other
53aacaad61,other
d1cd7a93cb,other
e94a89fd66,other
c33812face,other
cfa531e33e,context
2ff6b2072d,other
e279229ce9,other
e5a9684d16,other
9502354167,email
9de645b3b5,other
46b77a57e7,other
57d1ec8e6f,other
a016e7687d,context
f5ae4ffef8,other
2cc19ff6a3,other
27647f826e,other
7e4790718d,other
d90f40be35,other
5a364e14d3,other
076f34a8a4,other
efa43dc1e3,context
0feba9c490,other
6646d06d02,other
859ad817a1,other
9460765dca,other
8cd22e9bd6,other
4119989306,other
57c7ce96aa,other
d63f9dbfa7,context
28678887f1,context
ee379e9ab5,other
61a074fe5a,other
340cee3acb,other
ec185b078c,context
5ef48833f5,other
d2c560746d,other
2ec4deaa15,other
ea6229d853,other
d90b475151,other
e6a0d65cd1,other
bb34face40,context
41854692bc,other
9e3ea3805a,context
bb5e273479,other
ceb295555b,other
f0a93d52d2,other
ab40d565c1,other
ffcf020ffd,other
d58773fea5,other
9cf34e898e,other
00a7659740,context
a49480691b,context
3950fabc7f,other
275dbb9128,other
570710eb47,other
d216659cae,other
35b0c7f7df,context
dd1b9ca6d9,other
d4bfbef323,context
33e0f946fd,context
907be6be94,other
ec77c70b28,other
12592eef88,other
70810c7ca1,context
f59c78d868,other
8d06eb7eb7,other
f80b876811,other
950f9d56b4,other
27d9ef8a23,other
18eb3b4016,other
e25b45ad94,other
301f91bb31,context
5c4de4d627,other
afab65eb90,context
dba210ed7b,other
69eb101791,other
c281e983a6,other
350152da0b,context
a6cd0d578d,other
937a80e31e,other
fe52ded300,other
3ae7d65fe8,other
ac112b605f,other
face2257fc,other
85a3b86487,context
720fbe562a,context
ddc0125572,other
a33906b91f,other
dbe70d84e4,context
ba49f1391c,context
c380955b9d,context
9bd0f6f913,other
192868cf4d,other
42097e869d,context
ba0ffccb08,other
cf35dc6009,other
bbe192170a,other
36ab875b4c,None
cf6ee14138,other
ca2d775a7a,context
eef6219d9b,other
68bd1a7e7d,other
da1d259073,other
81f21cf179,other
befb011d71,other
f54c1f880a,context
de9562704b,context
f656eb8b15,other
946a3f6c90,other
bfabb0eb6f,context
64bf6d1213,context
f381ecbcfd,other
27e48416f8,context
0d2d06a2d9,other
122afe0bb9,other
21e2d531aa,context
6a8375072f,email
0ae7b7a000,context
b552e2839d,context
404832baa7,other
258a1be972,other
0b9a94d22c,other
d8878dc497,email
12a3c62ef9,other
7c36bcbda4,email
f34ed2eec9,other
4235efae69,other
e1433f6a52,other
a62614b150,other
b6c65576ec,other
6350fd5506,context
4db27552f0,other
43fe7eac6d,other
2b79e18a0f,other
e59f065331,email
475dcced6e,other
b0aaeae8fb,other
883d43b2dd,other
3acafd9709,other
7416d0c6ac,context
6e27ca00b6,context
e0fcb18f1d,undef
87a518df91,other
eebfc44c14,other
afc3ce7aea,other
4aebfaf963,other
dd7a767d23,email
6c0d2df132,other
63c0db657c,other
ae2eec4f92,context
6326fa67ab,other
90d4876e89,other
9bd73d6057,other
5cd652b3d8,context
723d077e6d,other
1579780145,other
09c08fc34a,other
8a4f100355,email
f03ad7cb90,other
f660dbcc3f,context
8ada46582d,context
f93283c9ee,other
85afec6c26,context
b17250adf5,other
74cbad9b97,context
372ab9092c,other
e19cd0be86,other
dd2720c3ae,other
9da566e346,context
7ed4f38161,context
ebe3e838fe,other
cafd80557c,other
57649ef16c,context
0786cb85cd,context
d6b04d0aa2,other
3a773a7336,other
7b5e94bc04,other
44c09df7eb,other
5b16a8cd9f,other
ea86b2c650,other
e0846cecf8,other
631d294056,other
66bea9bf58,other
98b5688e39,other
7ab865b6e5,other
4a7ef7a394,other
f61d4880f7,other
b6bd8623b0,other
e9ac68c411,other
a316b599b4,other
9cfe00cc5d,context
371500eead,context
e3e3f6f86b,other
c03be4c9ec,other
111c52d9bc,other
16dc76e94d,other
7d1abc22fb,context
90dd25d3a3,other
7a8a8a76dd,other
f0a804d2cf,other
87f37b380c,other
f2d822c34d,other
295101f14f,other
da1862fc06,other
9055ca15bf,context
2b719676bd,other
831f61e5ef,other
a4c3f5cb85,email
6bdf5d1e4b,other
7b9e8a2ffb,context
7d83f14ccc,other
365e3edd2e,other
661e213651,other
ae6f606f9e,other
4cd6176651,other
e03c5b1cbe,other
c381c60b27,other
542ca24c48,other
22b7e942ab,other
1a30962b2e,other
1162d747cd,other
82007b362c,other
fa89279d33,context
c96ced3e79,other
efe7b2fad9,context
74b0b1187c,other
08d9e370eb,other
9b636a43b0,other
911822c610,other
d098a7fe11,other
d5846c9f90,other
96afa8d9d8,context
5d3de47516,email
3254f208d6,context
f85c607553,other
1c17cab744,context
28a3717d48,other
277c6f0522,other
830421d975,other
